{"_timestamp":1.7812598792730386e+09,"_step":23,"_wandb":{"runtime":1320},"_runtime":1320,"train_loss":0.4596728371500969,"epoch":23}