{"_runtime":310,"train_loss":1.3667697280883788,"epoch":23,"_timestamp":1.7812585403475504e+09,"_step":23,"_wandb":{"runtime":310}}